"","X1","x","value","diff","delta"
"1",1,151,449,0,"No change"
"2",2,150,445,-4,"Decrease"
"3",3,148,449,4,"Increase"
"4",4,147,456,7,"Increase"
"5",5,154,465,9,"Increase"
"6",6,155,472,7,"Increase"
"7",7,156,481,9,"Increase"
"8",8,161,490,9,"Increase"
"9",9,164,501,11,"Increase"
"10",10,165,511,10,"Increase"
"11",11,172,517,6,"Increase"
"12",12,174,517,0,"No change"
"13",13,171,511,-6,"Decrease"
"14",14,172,510,-1,"Decrease"
"15",15,168,505,-5,"Decrease"
"16",16,170,505,0,"No change"
"17",17,167,505,0,"No change"
"18",18,168,515,10,"Increase"
"19",19,170,526,11,"Increase"
"20",20,177,502,-24,"Decrease"
"21",21,179,469,-33,"Decrease"
"22",22,146,458,-11,"Decrease"
"23",23,144,482,24,"Increase"
"24",24,168,512,30,"Increase"
"25",25,170,529,17,"Increase"
"26",26,174,543,14,"Increase"
"27",27,185,552,9,"Increase"
"28",28,184,552,0,"No change"
"29",29,183,546,-6,"Decrease"
"30",30,185,542,-4,"Decrease"
"31",31,178,518,-24,"Decrease"
"32",32,179,504,-14,"Decrease"
"33",33,161,487,-17,"Decrease"
"34",34,164,493,6,"Increase"
"35",35,162,505,12,"Increase"
"36",36,167,518,13,"Increase"
"37",37,176,529,11,"Increase"
"38",38,175,532,3,"Increase"
"39",39,178,542,10,"Increase"
"40",40,179,547,5,"Increase"
"41",41,185,547,0,"No change"
"42",42,183,536,-11,"Decrease"
"43",43,179,526,-10,"Decrease"
"44",44,174,521,-5,"Decrease"
"45",45,173,550,29,"Increase"
"46",46,174,576,26,"Increase"
"47",47,203,605,29,"Increase"
"48",48,199,603,-2,"Decrease"
"49",49,203,604,1,"Increase"
"50",50,201,611,7,"Increase"
"51",51,200,619,8,"Increase"
"52",52,210,626,7,"Increase"
"53",53,209,619,-7,"Decrease"
"54",54,207,614,-5,"Decrease"
"55",55,203,612,-2,"Decrease"
"56",56,204,617,5,"Increase"
"57",57,205,620,3,"Increase"
"58",58,208,630,10,"Increase"
"59",59,207,658,28,"Increase"
"60",60,215,689,31,"Increase"
"61",61,236,710,21,"Increase"
"62",62,238,712,2,"Increase"
"63",63,236,715,3,"Increase"
"64",64,238,721,6,"Increase"
"65",65,241,709,-12,"Decrease"
"66",66,242,693,-16,"Decrease"
"67",67,226,672,-21,"Decrease"
"68",68,225,664,-8,"Decrease"
"69",69,221,646,-18,"Decrease"
"70",70,218,634,-12,"Decrease"
"71",71,207,610,-24,"Decrease"
"72",72,209,594,-16,"Decrease"
"73",73,194,588,-6,"Decrease"
"74",74,191,596,8,"Increase"
"75",75,203,587,-9,"Decrease"
"76",76,202,544,-43,"Decrease"
"77",77,182,501,-43,"Decrease"
"78",78,160,510,9,"Increase"
"79",79,159,535,25,"Increase"
"80",80,191,547,12,"Increase"
"81",81,185,547,0,"No change"
"82",82,171,547,0,"No change"
"83",83,191,548,1,"Increase"
"84",84,185,535,-13,"Decrease"
"85",85,172,548,13,"Increase"
"86",86,178,576,28,"Increase"
"87",87,198,574,-2,"Decrease"
"88",88,200,557,-17,"Decrease"
"89",89,176,541,-16,"Decrease"
"90",90,181,550,9,"Increase"
"91",91,184,562,12,"Increase"
"92",92,185,583,21,"Increase"
"93",93,193,604,21,"Increase"
"94",94,205,618,14,"Increase"
"95",95,206,616,-2,"Decrease"
"96",96,207,639,23,"Increase"
"97",97,203,664,25,"Increase"
"98",98,229,703,39,"Increase"
"99",99,232,728,25,"Increase"
"100",100,242,746,18,"Increase"
"101",101,254,770,24,"Increase"
"102",102,250,781,11,"Increase"
"103",103,266,819,38,"Increase"
"104",104,265,831,12,"Increase"
"105",105,288,839,8,"Increase"
"106",106,278,825,-14,"Decrease"
"107",107,273,800,-25,"Decrease"
"108",108,274,782,-18,"Decrease"
"109",109,253,761,-21,"Decrease"
"110",110,255,754,-7,"Decrease"
"111",111,253,744,-10,"Decrease"
"112",112,246,738,-6,"Decrease"
"113",113,245,735,-3,"Decrease"
"114",114,247,736,1,"Increase"
"115",115,243,737,1,"Increase"
"116",116,246,745,8,"Increase"
"117",117,248,744,-1,"Decrease"
"118",118,251,739,-5,"Decrease"
"119",119,245,730,-9,"Decrease"
"120",120,243,744,14,"Increase"
"121",121,242,755,11,"Increase"
"122",122,259,772,17,"Increase"
"123",123,254,774,2,"Increase"
"124",124,259,794,20,"Increase"
"125",125,261,806,12,"Increase"
"126",126,274,818,12,"Increase"
"127",127,271,819,1,"Increase"
"128",128,273,831,12,"Increase"
"129",129,275,845,14,"Increase"
"130",130,283,856,11,"Increase"
"131",131,287,860,4,"Increase"
"132",132,286,859,-1,"Decrease"
"133",133,287,872,13,"Increase"
"134",134,286,880,8,"Increase"
"135",135,299,892,12,"Increase"
"136",136,295,893,1,"Increase"
"137",137,298,897,4,"Increase"
"138",138,300,901,4,"Increase"
"139",139,299,902,1,"Increase"
"140",140,302,903,1,"Increase"
"141",141,301,908,5,"Increase"
"142",142,300,909,1,"Increase"
"143",143,307,935,26,"Increase"
"144",144,302,951,16,"Increase"
"145",145,326,970,19,"Increase"
"146",146,323,962,-8,"Decrease"
"147",147,321,951,-11,"Decrease"
"148",148,318,932,-19,"Decrease"
"149",149,312,918,-14,"Decrease"
"150",150,302,907,-11,"Decrease"
"151",151,304,911,4,"Increase"
"152",152,301,916,5,"Increase"
"153",153,306,943,27,"Increase"
"154",154,309,963,20,"Increase"
"155",155,328,987,24,"Increase"
"156",156,326,1005,18,"Increase"
"157",157,333,1043,38,"Increase"
"158",158,346,1079,36,"Increase"
"159",159,364,1103,24,"Increase"
"160",160,369,1097,-6,"Decrease"
"161",161,370,1092,-5,"Decrease"
"162",162,358,1085,-7,"Decrease"
"163",163,364,1091,6,"Increase"
"164",164,363,1088,-3,"Decrease"
"165",165,364,1099,11,"Increase"
"166",166,361,1108,9,"Increase"
"167",167,374,1130,22,"Increase"
"168",168,373,1141,11,"Increase"
"169",169,383,1147,6,"Increase"
"170",170,385,1142,-5,"Decrease"
"171",171,379,1134,-8,"Decrease"
"172",172,378,1108,-26,"Decrease"
"173",173,377,1082,-26,"Decrease"
"174",174,353,1058,-24,"Decrease"
"175",175,352,1062,4,"Increase"
"176",176,353,1065,3,"Increase"
"177",177,357,1060,-5,"Decrease"
"178",178,355,1059,-1,"Decrease"
"179",179,348,1062,3,"Increase"
"180",180,356,1073,11,"Increase"
"181",181,358,1075,2,"Increase"
"182",182,359,1074,-1,"Decrease"
"183",183,358,1064,-10,"Decrease"
"184",184,357,1060,-4,"Decrease"
"185",185,349,1063,3,"Increase"
"186",186,354,1055,-8,"Decrease"
"187",187,360,1044,-11,"Decrease"
"188",188,341,1026,-18,"Decrease"
"189",189,343,1028,2,"Increase"
"190",190,342,1032,4,"Increase"
"191",191,343,1007,-25,"Decrease"
"192",192,347,986,-21,"Decrease"
"193",193,317,963,-23,"Decrease"
"194",194,322,974,11,"Increase"
"195",195,324,990,16,"Increase"
"196",196,328,1016,26,"Increase"
"197",197,338,1011,-5,"Decrease"
"198",198,350,1038,27,"Increase"
"199",199,323,1052,14,"Increase"
"200",200,365,1113,61,"Increase"
"201",201,364,1139,26,"Increase"
"202",202,384,1170,31,"Increase"
"203",203,391,1180,10,"Increase"
"204",204,395,1174,-6,"Decrease"
"205",205,394,1163,-11,"Decrease"
"206",206,385,1136,-27,"Decrease"
"207",207,384,1122,-14,"Decrease"
"208",208,367,1114,-8,"Decrease"
"209",209,371,1127,13,"Increase"
"210",210,376,1146,19,"Increase"
"211",211,380,1158,12,"Increase"
"212",212,390,1165,7,"Increase"
"213",213,388,1165,0,"No change"
"214",214,387,1178,13,"Increase"
"215",215,390,1170,-8,"Decrease"
"216",216,401,1158,-12,"Decrease"
"217",217,379,1117,-41,"Decrease"
"218",218,378,1101,-16,"Decrease"
"219",219,360,1083,-18,"Decrease"
"220",220,363,1093,10,"Increase"
"221",221,360,1092,-1,"Decrease"
"222",222,370,1081,-11,"Decrease"
"223",223,362,1053,-28,"Decrease"
"224",224,349,1015,-38,"Decrease"
"225",225,342,993,-22,"Decrease"
"226",226,324,989,-4,"Decrease"
"227",227,327,1001,12,"Increase"
"228",228,338,1013,12,"Increase"
"229",229,336,1016,3,"Increase"
"230",230,339,1017,1,"Increase"
"231",231,341,1012,-5,"Decrease"
"232",232,337,990,-22,"Decrease"
"233",233,334,973,-17,"Decrease"
"234",234,319,956,-17,"Decrease"
"235",235,320,956,0,"No change"
"236",236,317,950,-6,"Decrease"
"237",237,319,949,-1,"Decrease"
"238",238,314,980,31,"Increase"
"239",239,316,1017,37,"Increase"
"240",240,350,1053,36,"Increase"
"241",241,351,1054,1,"Increase"
"242",242,352,1052,-2,"Decrease"
"243",243,351,1050,-2,"Decrease"
"244",244,349,1051,1,"Increase"
"245",245,350,1045,-6,"Decrease"
"246",246,352,1042,-3,"Decrease"
"247",247,343,1029,-13,"Decrease"
"248",248,347,1023,-6,"Decrease"
"249",249,339,1011,-12,"Decrease"
"250",250,337,1010,-1,"Decrease"
"251",251,335,1014,4,"Increase"
"252",252,338,1021,7,"Increase"
"253",253,341,1026,5,"Increase"
"254",254,342,1030,4,"Increase"
"255",255,343,1047,17,"Increase"
"256",256,345,1065,18,"Increase"
"257",257,359,1098,33,"Increase"
"258",258,361,1121,23,"Increase"
"259",259,378,1136,15,"Increase"
"260",260,382,1139,3,"Increase"
"261",261,376,1145,6,"Increase"
"262",262,381,1158,13,"Increase"
"263",263,388,1152,-6,"Decrease"
"264",264,389,1132,-20,"Decrease"
"265",265,375,1115,-17,"Decrease"
"266",266,368,1105,-10,"Decrease"
"267",267,372,1104,-1,"Decrease"
"268",268,365,1101,-3,"Decrease"
"269",269,367,1106,5,"Increase"
"270",270,369,1108,2,"Increase"
"271",271,370,1103,-5,"Decrease"
"272",272,369,1096,-7,"Decrease"
"273",273,364,1089,-7,"Decrease"
"274",274,363,1089,0,"No change"
"275",275,362,1081,-8,"Decrease"
"276",276,364,1091,10,"Increase"
"277",277,355,1077,-14,"Decrease"
"278",278,372,1078,1,"Increase"
"279",279,350,1064,-14,"Decrease"
"280",280,356,1077,13,"Increase"
"281",281,358,1074,-3,"Decrease"
"282",282,363,1070,-4,"Decrease"
"283",283,353,1042,-28,"Decrease"
"284",284,354,1016,-26,"Decrease"
"285",285,335,987,-29,"Decrease"
"286",286,327,978,-9,"Decrease"
"287",287,325,978,0,"No change"
"288",288,326,995,17,"Increase"
"289",289,327,998,3,"Increase"
"290",290,342,998,0,"No change"
"291",291,329,998,0,"No change"
"292",292,327,1006,8,"Increase"
"293",293,342,1015,9,"Increase"
"294",294,337,1007,-8,"Decrease"
"295",295,336,1024,17,"Increase"
"296",296,334,1031,7,"Increase"
"297",297,354,1042,11,"Increase"
"298",298,343,1029,-13,"Decrease"
"299",299,345,1036,7,"Increase"
"300",300,341,1035,-1,"Decrease"
"301",301,350,1039,4,"Increase"
"302",302,344,1041,2,"Increase"
"303",303,345,1053,12,"Increase"
"304",304,352,1096,43,"Increase"
"305",305,356,1135,39,"Increase"
"306",306,388,1185,50,"Increase"
"307",307,391,1194,9,"Increase"
"308",308,406,1208,14,"Increase"
"309",309,397,1210,2,"Increase"
"310",310,405,1215,5,"Increase"
"311",311,408,1207,-8,"Decrease"
"312",312,402,1197,-10,"Decrease"
"313",313,397,1190,-7,"Decrease"
"314",314,398,1203,13,"Increase"
"315",315,395,1214,11,"Increase"
"316",316,410,1230,16,"Increase"
"317",317,409,1229,-1,"Decrease"
"318",318,411,1233,4,"Increase"
"319",319,409,1239,6,"Increase"
"320",320,413,1246,7,"Increase"
"321",321,417,1251,5,"Increase"
"322",322,416,1258,7,"Increase"
"323",323,418,1265,7,"Increase"
"324",324,424,1271,6,"Increase"
"325",325,423,1291,20,"Increase"
"326",326,424,1306,15,"Increase"
"327",327,444,1318,12,"Increase"
"328",328,438,1333,15,"Increase"
"329",329,436,1360,27,"Increase"
"330",330,459,1387,27,"Increase"
"331",331,465,1390,3,"Increase"
"332",332,463,1395,5,"Increase"
"333",333,462,1397,2,"Increase"
"334",334,470,1408,11,"Increase"
"335",335,465,1410,2,"Increase"
"336",336,473,1409,-1,"Decrease"
"337",337,472,1402,-7,"Decrease"
"338",338,464,1398,-4,"Decrease"
"339",339,466,1397,-1,"Decrease"
"340",340,468,1400,3,"Increase"
"341",341,463,1398,-2,"Decrease"
"342",342,469,1404,6,"Increase"
"343",343,466,1405,1,"Increase"
"344",344,469,1396,-9,"Decrease"
"345",345,470,1385,-11,"Decrease"
"346",346,457,1372,-13,"Decrease"
"347",347,458,1378,6,"Increase"
"348",348,457,1398,20,"Increase"
"349",349,463,1435,37,"Increase"
"350",350,478,1479,44,"Increase"
"351",351,494,1500,21,"Increase"
"352",352,507,1504,4,"Increase"
"353",353,499,1496,-8,"Decrease"
"354",354,498,1507,11,"Increase"
"355",355,499,1523,16,"Increase"
"356",356,510,1541,18,"Increase"
"357",357,514,1547,6,"Increase"
"358",358,517,1570,23,"Increase"
"359",359,516,1602,32,"Increase"
"360",360,537,1645,43,"Increase"
"361",361,549,1657,12,"Increase"
"362",362,559,1649,-8,"Decrease"
"363",363,549,1630,-19,"Decrease"
"364",364,541,1622,-8,"Decrease"
"365",365,540,1635,13,"Increase"
"366",366,541,1652,17,"Increase"
"367",367,554,1670,18,"Increase"
"368",368,557,1663,-7,"Decrease"
"369",369,559,1666,3,"Increase"
"370",370,547,1670,4,"Increase"
"371",371,560,1708,38,"Increase"
"372",372,563,1757,49,"Increase"
"373",373,585,1798,41,"Increase"
"374",374,609,1818,20,"Increase"
"375",375,604,1815,-3,"Decrease"
"376",376,605,1823,8,"Increase"
"377",377,606,1829,6,"Increase"
"378",378,612,1824,-5,"Decrease"
"379",379,611,1812,-12,"Decrease"
"380",380,601,1789,-23,"Decrease"
"381",381,600,1778,-11,"Decrease"
"382",382,588,1762,-16,"Decrease"
"383",383,590,1756,-6,"Decrease"
"384",384,584,1749,-7,"Decrease"
"385",385,582,1749,0,"No change"
"386",386,583,1747,-2,"Decrease"
"387",387,584,1736,-11,"Decrease"
"388",388,580,1704,-32,"Decrease"
"389",389,572,1671,-33,"Decrease"
"390",390,552,1637,-34,"Decrease"
"391",391,547,1625,-12,"Decrease"
"392",392,538,1604,-21,"Decrease"
"393",393,540,1574,-30,"Decrease"
"394",394,526,1525,-49,"Decrease"
"395",395,508,1494,-31,"Decrease"
"396",396,491,1498,4,"Increase"
"397",397,495,1521,23,"Increase"
"398",398,512,1530,9,"Increase"
"399",399,514,1526,-4,"Decrease"
"400",400,504,1521,-5,"Decrease"
"401",401,508,1517,-4,"Decrease"
"402",402,509,1504,-13,"Decrease"
"403",403,500,1489,-15,"Decrease"
"404",404,495,1482,-7,"Decrease"
"405",405,494,1517,35,"Increase"
"406",406,493,1551,34,"Increase"
"407",407,530,1587,36,"Increase"
"408",408,528,1579,-8,"Decrease"
"409",409,529,1589,10,"Increase"
"410",410,522,1579,-10,"Decrease"
"411",411,538,1572,-7,"Decrease"
"412",412,519,1536,-36,"Decrease"
"413",413,515,1493,-43,"Decrease"
"414",414,502,1445,-48,"Decrease"
"415",415,476,1412,-33,"Decrease"
"416",416,467,1406,-6,"Decrease"
"417",417,469,1417,11,"Increase"
"418",418,470,1425,8,"Increase"
"419",419,478,1428,3,"Increase"
"420",420,477,1425,-3,"Decrease"
"421",421,473,1434,9,"Increase"
"422",422,475,1473,39,"Increase"
"423",423,486,1511,38,"Increase"
"424",424,512,1542,31,"Increase"
"425",425,513,1529,-13,"Decrease"
"426",426,517,1519,-10,"Decrease"
"427",427,499,1506,-13,"Decrease"
"428",428,503,1512,6,"Increase"
"429",429,504,1511,-1,"Decrease"
"430",430,505,1510,-1,"Decrease"
"431",431,502,1509,-1,"Decrease"
"432",432,503,1512,3,"Increase"
"433",433,504,1516,4,"Increase"
"434",434,505,1528,12,"Increase"
"435",435,507,1556,28,"Increase"
"436",436,516,1588,32,"Increase"
"437",437,533,1623,35,"Increase"
"438",438,539,1642,19,"Increase"
"439",439,551,1658,16,"Increase"
"440",440,552,1658,0,"No change"
"441",441,555,1656,-2,"Decrease"
"442",442,551,1649,-7,"Decrease"
"443",443,550,1641,-8,"Decrease"
"444",444,548,1625,-16,"Decrease"
"445",445,543,1613,-12,"Decrease"
"446",446,534,1594,-19,"Decrease"
"447",447,536,1576,-18,"Decrease"
"448",448,524,1574,-2,"Decrease"
"449",449,516,1585,11,"Increase"
"450",450,534,1602,17,"Increase"
"451",451,535,1605,3,"Increase"
"452",452,533,1615,10,"Increase"
"453",453,537,1628,13,"Increase"
"454",454,545,1636,8,"Increase"
"455",455,546,1634,-2,"Decrease"
"456",456,545,1632,-2,"Decrease"
"457",457,543,1629,-3,"Decrease"
"458",458,544,1660,31,"Increase"
"459",459,542,1692,32,"Increase"
"460",460,574,1725,33,"Increase"
"461",461,576,1703,-22,"Decrease"
"462",462,575,1678,-25,"Decrease"
"463",463,552,1660,-18,"Decrease"
"464",464,551,1666,6,"Increase"
"465",465,557,1677,11,"Increase"
"466",466,558,1675,-2,"Decrease"
"467",467,562,1674,-1,"Decrease"
"468",468,555,1686,12,"Increase"
"469",469,557,1706,20,"Increase"
"470",470,574,1713,7,"Increase"
"471",471,575,1690,-23,"Decrease"
"472",472,564,1658,-32,"Decrease"
"473",473,551,1625,-33,"Decrease"
"474",474,543,1608,-17,"Decrease"
"475",475,531,1587,-21,"Decrease"
"476",476,534,1581,-6,"Decrease"
"477",477,522,1571,-10,"Decrease"
"478",478,525,1571,0,"No change"
"479",479,524,1567,-4,"Decrease"
"480",480,522,1567,0,"No change"
"481",481,521,1570,3,"Increase"
"482",482,524,1587,17,"Increase"
"483",483,525,1616,29,"Increase"
"484",484,538,1652,36,"Increase"
"485",485,553,1658,6,"Increase"
"486",486,561,1647,-11,"Decrease"
"487",487,544,1639,-8,"Decrease"
"488",488,542,1651,12,"Increase"
"489",489,553,1667,16,"Increase"
"490",490,556,1671,4,"Increase"
"491",491,558,1671,0,"No change"
"492",492,557,1671,0,"No change"
"493",493,556,1678,7,"Increase"
"494",494,558,1673,-5,"Decrease"
"495",495,564,1667,-6,"Decrease"
"496",496,551,1648,-19,"Decrease"
"497",497,552,1644,-4,"Decrease"
"498",498,545,1663,19,"Increase"
"499",499,547,1688,25,"Increase"
"500",500,571,1712,24,"Increase"
"501",501,570,1711,-1,"Decrease"
"502",502,571,1710,-1,"Decrease"
"503",503,570,1706,-4,"Decrease"
"504",504,569,1705,-1,"Decrease"
"505",505,567,1713,8,"Increase"
"506",506,569,1727,14,"Increase"
"507",507,577,1738,11,"Increase"
"508",508,581,1738,0,"No change"
"509",509,580,1733,-5,"Decrease"
"510",510,577,1727,-6,"Decrease"
"511",511,576,1728,1,"Increase"
"512",512,574,1720,-8,"Decrease"
"513",513,578,1710,-10,"Decrease"
"514",514,568,1699,-11,"Decrease"
"515",515,564,1681,-18,"Decrease"
"516",516,567,1644,-37,"Decrease"
"517",517,550,1602,-42,"Decrease"
"518",518,527,1576,-26,"Decrease"
"519",519,525,1571,-5,"Decrease"
"520",520,524,1566,-5,"Decrease"
"521",521,522,1563,-3,"Decrease"
"522",522,520,1563,0,"No change"
"523",523,521,1590,27,"Increase"
"524",524,522,1619,29,"Increase"
"525",525,547,1652,33,"Increase"
"526",526,550,1659,7,"Increase"
"527",527,555,1667,8,"Increase"
"528",528,554,1671,4,"Increase"
"529",529,558,1667,-4,"Decrease"
"530",530,559,1661,-6,"Decrease"
"531",531,550,1658,-3,"Decrease"
"532",532,552,1665,7,"Increase"
"533",533,556,1669,4,"Increase"
"534",534,557,1680,11,"Increase"
"535",535,556,1672,-8,"Decrease"
"536",536,567,1664,-8,"Decrease"
"537",537,549,1642,-22,"Decrease"
"538",538,548,1658,16,"Increase"
"539",539,545,1676,18,"Increase"
"540",540,565,1701,25,"Increase"
"541",541,566,1694,-7,"Decrease"
"542",542,570,1673,-21,"Decrease"
"543",543,558,1649,-24,"Decrease"
"544",544,545,1636,-13,"Decrease"
"545",545,546,1647,11,"Increase"
"546",546,545,1653,6,"Increase"
"547",547,556,1640,-13,"Decrease"
"548",548,552,1619,-21,"Decrease"
"549",549,532,1603,-16,"Decrease"
"550",550,535,1606,3,"Increase"
"551",551,536,1609,3,"Increase"
"552",552,535,1616,7,"Increase"
"553",553,538,1627,11,"Increase"
"554",554,543,1642,15,"Increase"
"555",555,546,1653,11,"Increase"
"556",556,553,1684,31,"Increase"
"557",557,554,1707,23,"Increase"
"558",558,577,1730,23,"Increase"
"559",559,576,1729,-1,"Decrease"
"560",560,577,1721,-8,"Decrease"
"561",561,576,1729,8,"Increase"
"562",562,568,1736,7,"Increase"
"563",563,585,1755,19,"Increase"
"564",564,583,1745,-10,"Decrease"
"565",565,587,1739,-6,"Decrease"
"566",566,575,1740,1,"Increase"
"567",567,577,1750,10,"Increase"
"568",568,588,1756,6,"Increase"
"569",569,585,1755,-1,"Decrease"
"570",570,583,1747,-8,"Decrease"
"571",571,587,1723,-24,"Decrease"
"572",572,577,1697,-26,"Decrease"
"573",573,559,1683,-14,"Decrease"
"574",574,561,1683,0,"No change"
"575",575,563,1660,-23,"Decrease"
"576",576,559,1642,-18,"Decrease"
"577",577,538,1621,-21,"Decrease"
"578",578,545,1622,1,"Increase"
"579",579,538,1630,8,"Increase"
"580",580,539,1651,21,"Increase"
"581",581,553,1658,7,"Increase"
"582",582,559,1654,-4,"Decrease"
"583",583,546,1646,-8,"Decrease"
"584",584,549,1652,6,"Increase"
"585",585,551,1654,2,"Increase"
"586",586,552,1645,-9,"Decrease"
"587",587,551,1634,-11,"Decrease"
"588",588,542,1626,-8,"Decrease"
"589",589,541,1601,-25,"Decrease"
"590",590,543,1574,-27,"Decrease"
"591",591,517,1569,-5,"Decrease"
"592",592,514,1602,33,"Increase"
"593",593,538,1641,39,"Increase"
"594",594,550,1633,-8,"Decrease"
"595",595,553,1614,-19,"Decrease"
"596",596,530,1600,-14,"Decrease"
"597",597,531,1608,8,"Increase"
"598",598,539,1628,20,"Increase"
"599",599,538,1641,13,"Increase"
"600",600,551,1653,12,"Increase"
"601",601,552,1679,26,"Increase"
"602",602,550,1723,44,"Increase"
"603",603,577,1775,52,"Increase"
"604",604,596,1797,22,"Increase"
"605",605,602,1799,2,"Increase"
"606",606,599,1812,13,"Increase"
"607",607,598,1851,39,"Increase"
"608",608,615,1894,43,"Increase"
"609",609,638,1936,42,"Increase"
"610",610,641,1940,4,"Increase"
"611",611,657,1943,3,"Increase"
"612",612,642,1931,-12,"Decrease"
"613",613,644,1937,6,"Increase"
"614",614,645,1937,0,"No change"
"615",615,648,1920,-17,"Decrease"
"616",616,644,1898,-22,"Decrease"
"617",617,628,1881,-17,"Decrease"
"618",618,626,1848,-33,"Decrease"
"619",619,627,1816,-32,"Decrease"
"620",620,595,1784,-32,"Decrease"
"621",621,594,1786,2,"Increase"
"622",622,595,1793,7,"Increase"
"623",623,597,1824,31,"Increase"
"624",624,601,1862,38,"Increase"
"625",625,626,1901,39,"Increase"
"626",626,635,1916,15,"Increase"
"627",627,640,1924,8,"Increase"
"628",628,641,1933,9,"Increase"
"629",629,643,1950,17,"Increase"
"630",630,649,1961,11,"Increase"
"631",631,658,1999,38,"Increase"
"632",632,654,2003,4,"Increase"
"633",633,687,2031,28,"Increase"
"634",634,662,2022,-9,"Decrease"
"635",635,682,2039,17,"Increase"
"636",636,678,2066,27,"Increase"
"637",637,679,2098,32,"Increase"
"638",638,709,2135,37,"Increase"
"639",639,710,2132,-3,"Decrease"
"640",640,716,2127,-5,"Decrease"
"641",641,706,2115,-12,"Decrease"
"642",642,705,2110,-5,"Decrease"
"643",643,704,2101,-9,"Decrease"
"644",644,701,2098,-3,"Decrease"
"645",645,696,2097,-1,"Decrease"
"646",646,701,2104,7,"Increase"
"647",647,700,2108,4,"Increase"
"648",648,703,2115,7,"Increase"
"649",649,705,2131,16,"Increase"
"650",650,707,2124,-7,"Decrease"
"651",651,719,2117,-7,"Decrease"
"652",652,698,2101,-16,"Decrease"
"653",653,700,2108,7,"Increase"
"654",654,703,2116,8,"Increase"
"655",655,705,2114,-2,"Decrease"
"656",656,708,2144,30,"Increase"
"657",657,701,2168,24,"Increase"
"658",658,735,2179,11,"Increase"
"659",659,732,2157,-22,"Decrease"
"660",660,712,2140,-17,"Decrease"
"661",661,713,2146,6,"Increase"
"662",662,715,2152,6,"Increase"
"663",663,718,2167,15,"Increase"
"664",664,719,2180,13,"Increase"
"665",665,730,2191,11,"Increase"
"666",666,731,2197,6,"Increase"
"667",667,730,2231,34,"Increase"
"668",668,736,2269,38,"Increase"
"669",669,765,2300,31,"Increase"
"670",670,768,2299,-1,"Decrease"
"671",671,767,2294,-5,"Decrease"
"672",672,764,2318,24,"Increase"
"673",673,763,2374,56,"Increase"
"674",674,791,2463,89,"Increase"
"675",675,820,2525,62,"Increase"
"676",676,852,2565,40,"Increase"
"677",677,853,2576,11,"Increase"
"678",678,860,2588,12,"Increase"
"679",679,863,2594,6,"Increase"
"680",680,865,2581,-13,"Decrease"
"681",681,866,2561,-20,"Decrease"
"682",682,850,2518,-43,"Decrease"
"683",683,845,2503,-15,"Decrease"
"684",684,823,2478,-25,"Decrease"
"685",685,835,2477,-1,"Decrease"
"686",686,820,2458,-19,"Decrease"
"687",687,822,2455,-3,"Decrease"
"688",688,816,2449,-6,"Decrease"
"689",689,817,2462,13,"Increase"
"690",690,816,2475,13,"Increase"
"691",691,829,2487,12,"Increase"
"692",692,830,2467,-20,"Decrease"
"693",693,828,2435,-32,"Decrease"
"694",694,809,2378,-57,"Decrease"
"695",695,798,2333,-45,"Decrease"
"696",696,771,2313,-20,"Decrease"
"697",697,764,2321,8,"Increase"
"698",698,778,2326,5,"Increase"
"699",699,779,2327,1,"Increase"
"700",700,769,2337,10,"Increase"
"701",701,779,2364,27,"Increase"
"702",702,789,2386,22,"Increase"
"703",703,796,2395,9,"Increase"
"704",704,801,2399,4,"Increase"
"705",705,798,2400,1,"Increase"
"706",706,800,2406,6,"Increase"
"707",707,802,2396,-10,"Decrease"
"708",708,804,2382,-14,"Decrease"
"709",709,790,2369,-13,"Decrease"
"710",710,788,2357,-12,"Decrease"
"711",711,791,2339,-18,"Decrease"
"712",712,778,2311,-28,"Decrease"
"713",713,770,2289,-22,"Decrease"
"714",714,763,2258,-31,"Decrease"
"715",715,756,2224,-34,"Decrease"
"716",716,739,2187,-37,"Decrease"
"717",717,729,2182,-5,"Decrease"
"718",718,719,2190,8,"Increase"
"719",719,734,2210,20,"Increase"
"720",720,737,2216,6,"Increase"
"721",721,739,2222,6,"Increase"
"722",722,740,2228,6,"Increase"
"723",723,743,2259,31,"Increase"
"724",724,745,2288,29,"Increase"
"725",725,771,2319,31,"Increase"
"726",726,772,2341,22,"Increase"
"727",727,776,2358,17,"Increase"
"728",728,793,2373,15,"Increase"
"729",729,789,2368,-5,"Decrease"
"730",730,791,2368,0,"No change"
"731",731,788,2365,-3,"Decrease"
"732",732,789,2369,4,"Increase"
"733",733,788,2378,9,"Increase"
"734",734,792,2391,13,"Increase"
"735",735,798,2406,15,"Increase"
"736",736,801,2409,3,"Increase"
"737",737,807,2405,-4,"Decrease"
"738",738,801,2391,-14,"Decrease"
"739",739,797,2389,-2,"Decrease"
"740",740,793,2396,7,"Increase"
"741",741,799,2394,-2,"Decrease"
"742",742,804,2385,-9,"Decrease"
"743",743,791,2364,-21,"Decrease"
"744",744,790,2357,-7,"Decrease"
"745",745,783,2355,-2,"Decrease"
"746",746,784,2358,3,"Increase"
"747",747,788,2357,-1,"Decrease"
"748",748,786,2353,-4,"Decrease"
"749",749,783,2363,10,"Increase"
"750",750,784,2371,8,"Increase"
"751",751,796,2358,-13,"Decrease"
"752",752,791,2326,-32,"Decrease"
"753",753,771,2300,-26,"Decrease"
"754",754,764,2297,-3,"Decrease"
"755",755,765,2300,3,"Increase"
"756",756,768,2305,5,"Increase"
"757",757,767,2308,3,"Increase"
"758",758,770,2322,14,"Increase"
"759",759,771,2309,-13,"Decrease"
"760",760,781,2288,-21,"Decrease"
"761",761,757,2253,-35,"Decrease"
"762",762,750,2251,-2,"Decrease"
"763",763,746,2277,26,"Increase"
"764",764,755,2308,31,"Increase"
"765",765,776,2346,38,"Increase"
"766",766,777,2367,21,"Increase"
"767",767,793,2388,21,"Increase"
"768",768,797,2390,2,"Increase"
"769",769,798,2390,0,"No change"
"770",770,795,2392,2,"Increase"
"771",771,797,2406,14,"Increase"
"772",772,800,2416,10,"Increase"
"773",773,809,2429,13,"Increase"
"774",774,807,2463,34,"Increase"
"775",775,813,2509,46,"Increase"
"776",776,843,2565,56,"Increase"
"777",777,853,2593,28,"Increase"
"778",778,869,2613,20,"Increase"
"779",779,871,2612,-1,"Decrease"
"780",780,873,2602,-10,"Decrease"
"781",781,868,2580,-22,"Decrease"
"782",782,861,2564,-16,"Decrease"
"783",783,851,2554,-10,"Decrease"
"784",784,852,2546,-8,"Decrease"
"785",785,851,2543,-3,"Decrease"
"786",786,843,2527,-16,"Decrease"
"787",787,849,2526,-1,"Decrease"
"788",788,835,2520,-6,"Decrease"
"789",789,842,2515,-5,"Decrease"
"790",790,843,2501,-14,"Decrease"
"791",791,830,2483,-18,"Decrease"
"792",792,828,2479,-4,"Decrease"
"793",793,825,2492,13,"Increase"
"794",794,826,2538,46,"Increase"
"795",795,841,2586,48,"Increase"
"796",796,871,2617,31,"Increase"
"797",797,874,2609,-8,"Decrease"
"798",798,872,2597,-12,"Decrease"
"799",799,863,2584,-13,"Decrease"
"800",800,862,2582,-2,"Decrease"
"801",801,859,2608,26,"Increase"
"802",802,861,2644,36,"Increase"
"803",803,888,2683,39,"Increase"
"804",804,895,2696,13,"Increase"
"805",805,900,2682,-14,"Decrease"
"806",806,901,2660,-22,"Decrease"
"807",807,881,2651,-9,"Decrease"
"808",808,878,2658,7,"Increase"
"809",809,892,2669,11,"Increase"
"810",810,888,2670,1,"Increase"
"811",811,889,2691,21,"Increase"
"812",812,893,2695,4,"Increase"
"813",813,909,2699,4,"Increase"
"814",814,893,2700,1,"Increase"
"815",815,897,2721,21,"Increase"
"816",816,910,2736,15,"Increase"
"817",817,914,2725,-11,"Decrease"
"818",818,912,2723,-2,"Decrease"
"819",819,899,2722,-1,"Decrease"
"820",820,912,2731,9,"Increase"
"821",821,911,2725,-6,"Decrease"
"822",822,908,2721,-4,"Decrease"
"823",823,906,2732,11,"Increase"
"824",824,907,2752,20,"Increase"
"825",825,919,2775,23,"Increase"
"826",826,926,2788,13,"Increase"
"827",827,930,2795,7,"Increase"
"828",828,932,2799,4,"Increase"
"829",829,933,2802,3,"Increase"
"830",830,934,2806,4,"Increase"
"831",831,935,2810,4,"Increase"
"832",832,937,2809,-1,"Decrease"
"833",833,938,2829,20,"Increase"
"834",834,934,2828,-1,"Decrease"
"835",835,957,2832,4,"Increase"
"836",836,937,2820,-12,"Decrease"
"837",837,938,2829,9,"Increase"
"838",838,945,2828,-1,"Decrease"
"839",839,946,2815,-13,"Decrease"
"840",840,937,2829,14,"Increase"
"841",841,932,2843,14,"Increase"
"842",842,960,2884,41,"Increase"
"843",843,951,2896,12,"Increase"
"844",844,973,2923,27,"Increase"
"845",845,972,2925,2,"Increase"
"846",846,978,2929,4,"Increase"
"847",847,975,2922,-7,"Decrease"
"848",848,976,2920,-2,"Decrease"
"849",849,971,2915,-5,"Decrease"
"850",850,973,2918,3,"Increase"
"851",851,971,2920,2,"Increase"
"852",852,974,2925,5,"Increase"
"853",853,975,2932,7,"Increase"
"854",854,976,2937,5,"Increase"
"855",855,981,2932,-5,"Decrease"
"856",856,980,2923,-9,"Decrease"
"857",857,971,2913,-10,"Decrease"
"858",858,972,2914,1,"Increase"
"859",859,970,2917,3,"Increase"
"860",860,972,2924,7,"Increase"
"861",861,975,2928,4,"Increase"
"862",862,977,2931,3,"Increase"
"863",863,976,2937,6,"Increase"
"864",864,978,2963,26,"Increase"
"865",865,983,2988,25,"Increase"
"866",866,1002,3001,13,"Increase"
"867",867,1003,2989,-12,"Decrease"
"868",868,996,2964,-25,"Decrease"
"869",869,990,2980,16,"Increase"
"870",870,978,3011,31,"Increase"
"871",871,1012,3060,49,"Increase"
"872",872,1021,3053,-7,"Decrease"
"873",873,1027,3053,0,"No change"
"874",874,1005,3058,5,"Increase"
"875",875,1021,3084,26,"Increase"
"876",876,1032,3089,5,"Increase"
"877",877,1031,3093,4,"Increase"
"878",878,1026,3106,13,"Increase"
"879",879,1036,3098,-8,"Decrease"
"880",880,1044,3083,-15,"Decrease"
"881",881,1018,3081,-2,"Decrease"
"882",882,1021,3113,32,"Increase"
"883",883,1042,3144,31,"Increase"
"884",884,1050,3152,8,"Increase"
"885",885,1052,3154,2,"Increase"
"886",886,1050,3155,1,"Increase"
"887",887,1052,3160,5,"Increase"
"888",888,1053,3149,-11,"Decrease"
"889",889,1055,3128,-21,"Decrease"
"890",890,1041,3102,-26,"Decrease"
"891",891,1032,3088,-14,"Decrease"
"892",892,1029,3084,-4,"Decrease"
"893",893,1027,3096,12,"Increase"
"894",894,1028,3123,27,"Increase"
"895",895,1041,3142,19,"Increase"
"896",896,1054,3147,5,"Increase"
"897",897,1047,3143,-4,"Decrease"
"898",898,1046,3160,17,"Increase"
"899",899,1050,3143,-17,"Decrease"
"900",900,1064,3133,-10,"Decrease"
"901",901,1029,3108,-25,"Decrease"
"902",902,1040,3115,7,"Increase"
"903",903,1039,3112,-3,"Decrease"
"904",904,1036,3099,-13,"Decrease"
"905",905,1037,3096,-3,"Decrease"
"906",906,1026,3093,-3,"Decrease"
"907",907,1033,3092,-1,"Decrease"
"908",908,1034,3088,-4,"Decrease"
"909",909,1025,3079,-9,"Decrease"
"910",910,1029,3080,1,"Increase"
"911",911,1025,3075,-5,"Decrease"
"912",912,1026,3075,0,"No change"
"913",913,1024,3070,-5,"Decrease"
"914",914,1025,3068,-2,"Decrease"
"915",915,1021,3062,-6,"Decrease"
"916",916,1022,3057,-5,"Decrease"
"917",917,1019,3055,-2,"Decrease"
"918",918,1016,3044,-11,"Decrease"
"919",919,1020,3031,-13,"Decrease"
"920",920,1008,3017,-14,"Decrease"
"921",921,1003,3049,32,"Increase"
"922",922,1006,3083,34,"Increase"
"923",923,1040,3121,38,"Increase"
"924",924,1037,3123,2,"Increase"
"925",925,1044,3130,7,"Increase"
"926",926,1042,3126,-4,"Decrease"
"927",927,1044,3132,6,"Increase"
"928",928,1040,3132,0,"No change"
"929",929,1048,3146,14,"Increase"
"930",930,1044,3135,-11,"Decrease"
"931",931,1054,3125,-10,"Decrease"
"932",932,1037,3111,-14,"Decrease"
"933",933,1034,3115,4,"Increase"
"934",934,1040,3100,-15,"Decrease"
"935",935,1041,3075,-25,"Decrease"
"936",936,1019,3055,-20,"Decrease"
"937",937,1015,3078,23,"Increase"
"938",938,1021,3106,28,"Increase"
"939",939,1042,3122,16,"Increase"
"940",940,1043,3115,-7,"Decrease"
"941",941,1037,3104,-11,"Decrease"
"942",942,1035,3101,-3,"Decrease"
"943",943,1032,3109,8,"Increase"
"944",944,1034,3137,28,"Increase"
"945",945,1043,3153,16,"Increase"
"946",946,1060,3157,4,"Increase"
"947",947,1050,3149,-8,"Decrease"
"948",948,1047,3156,7,"Increase"
"949",949,1052,3169,13,"Increase"
"950",950,1057,3176,7,"Increase"
"951",951,1060,3166,-10,"Decrease"
"952",952,1059,3157,-9,"Decrease"
"953",953,1047,3151,-6,"Decrease"
"954",954,1051,3144,-7,"Decrease"
"955",955,1053,3139,-5,"Decrease"
"956",956,1040,3129,-10,"Decrease"
"957",957,1046,3130,1,"Increase"
"958",958,1043,3126,-4,"Decrease"
"959",959,1041,3129,3,"Increase"
"960",960,1042,3118,-11,"Decrease"
"961",961,1046,3105,-13,"Decrease"
"962",962,1030,3069,-36,"Decrease"
"963",963,1029,3061,-8,"Decrease"
"964",964,1010,3055,-6,"Decrease"
"965",965,1022,3070,15,"Increase"
"966",966,1023,3071,1,"Increase"
"967",967,1025,3080,9,"Increase"
"968",968,1023,3105,25,"Increase"
"969",969,1032,3133,28,"Increase"
"970",970,1050,3148,15,"Increase"
"971",971,1051,3142,-6,"Decrease"
"972",972,1047,3141,-1,"Decrease"
"973",973,1044,3151,10,"Increase"
"974",974,1050,3165,14,"Increase"
"975",975,1057,3176,11,"Increase"
"976",976,1058,3195,19,"Increase"
"977",977,1061,3214,19,"Increase"
"978",978,1076,3224,10,"Increase"
"979",979,1077,3229,5,"Increase"
"980",980,1071,3236,7,"Increase"
"981",981,1081,3283,47,"Increase"
"982",982,1084,3330,47,"Increase"
"983",983,1118,3369,39,"Increase"
"984",984,1128,3377,8,"Increase"
"985",985,1123,3368,-9,"Decrease"
"986",986,1126,3366,-2,"Decrease"
"987",987,1119,3358,-8,"Decrease"
"988",988,1121,3359,1,"Increase"
"989",989,1118,3357,-2,"Decrease"
"990",990,1120,3349,-8,"Decrease"
"991",991,1119,3347,-2,"Decrease"
"992",992,1110,3336,-11,"Decrease"
"993",993,1118,3344,8,"Increase"
"994",994,1108,3341,-3,"Decrease"
"995",995,1118,3363,22,"Increase"
"996",996,1115,3376,13,"Increase"
"997",997,1130,3381,5,"Increase"
"998",998,1131,3390,9,"Increase"
"999",999,1120,3393,3,"Increase"
"1000",1000,1139,3409,16,"Increase"
"1001",1001,1134,3383,-26,"Decrease"
"1002",1002,1136,3363,-20,"Decrease"
"1003",1003,1113,3345,-18,"Decrease"
"1004",1004,1114,3351,6,"Increase"
"1005",1005,1118,3351,0,"No change"
"1006",1006,1119,3339,-12,"Decrease"
"1007",1007,1114,3297,-42,"Decrease"
"1008",1008,1106,3269,-28,"Decrease"
"1009",1009,1077,3251,-18,"Decrease"
"1010",1010,1086,3256,5,"Increase"
"1011",1011,1088,3265,9,"Increase"
"1012",1012,1082,3276,11,"Increase"
"1013",1013,1095,3294,18,"Increase"
"1014",1014,1099,3309,15,"Increase"
"1015",1015,1100,3324,15,"Increase"
"1016",1016,1110,3325,1,"Increase"
"1017",1017,1114,3331,6,"Increase"
"1018",1018,1101,3320,-11,"Decrease"
"1019",1019,1116,3321,1,"Increase"
"1020",1020,1103,3308,-13,"Decrease"
"1021",1021,1102,3316,8,"Increase"
"1022",1022,1103,3326,10,"Increase"
"1023",1023,1111,3332,6,"Increase"
"1024",1024,1112,3371,39,"Increase"
"1025",1025,1109,3431,60,"Increase"
"1026",1026,1150,3491,60,"Increase"
"1027",1027,1172,3511,20,"Increase"
"1028",1028,1169,3522,11,"Increase"
"1029",1029,1170,3541,19,"Increase"
"1030",1030,1183,3557,16,"Increase"
"1031",1031,1188,3579,22,"Increase"
"1032",1032,1186,3591,12,"Increase"
"1033",1033,1205,3610,19,"Increase"
"1034",1034,1200,3617,7,"Increase"
"1035",1035,1205,3624,7,"Increase"
"1036",1036,1212,3630,6,"Increase"
"1037",1037,1207,3645,15,"Increase"
"1038",1038,1211,3666,21,"Increase"
"1039",1039,1227,3677,11,"Increase"
"1040",1040,1228,3675,-2,"Decrease"
"1041",1041,1222,3673,-2,"Decrease"
"1042",1042,1225,3672,-1,"Decrease"
"1043",1043,1226,3671,-1,"Decrease"
"1044",1044,1221,3670,-1,"Decrease"
"1045",1045,1224,3673,3,"Increase"
"1046",1046,1225,3677,4,"Increase"
"1047",1047,1224,3672,-5,"Decrease"
"1048",1048,1228,3669,-3,"Decrease"
"1049",1049,1220,3663,-6,"Decrease"
"1050",1050,1221,3686,23,"Increase"
"1051",1051,1222,3712,26,"Increase"
"1052",1052,1243,3738,26,"Increase"
"1053",1053,1247,3754,16,"Increase"
"1054",1054,1248,3765,11,"Increase"
"1055",1055,1259,3763,-2,"Decrease"
"1056",1056,1258,3758,-5,"Decrease"
"1057",1057,1246,3751,-7,"Decrease"
"1058",1058,1254,3765,14,"Increase"
"1059",1059,1251,3772,7,"Increase"
"1060",1060,1260,3772,0,"No change"
"1061",1061,1261,3764,-8,"Decrease"
"1062",1062,1251,3778,14,"Increase"
"1063",1063,1252,3800,22,"Increase"
"1064",1064,1275,3817,17,"Increase"
"1065",1065,1273,3833,16,"Increase"
"1066",1066,1269,3845,12,"Increase"
"1067",1067,1291,3850,5,"Increase"
"1068",1068,1285,3834,-16,"Decrease"
"1069",1069,1274,3827,-7,"Decrease"
"1070",1070,1275,3830,3,"Increase"
"1071",1071,1278,3842,12,"Increase"
"1072",1072,1277,3863,21,"Increase"
"1073",1073,1287,3886,23,"Increase"
"1074",1074,1299,3874,-12,"Decrease"
"1075",1075,1300,3856,-18,"Decrease"
"1076",1076,1275,3824,-32,"Decrease"
"1077",1077,1281,3847,23,"Increase"
"1078",1078,1268,3863,16,"Increase"
"1079",1079,1298,3894,31,"Increase"
"1080",1080,1297,3870,-24,"Decrease"
"1081",1081,1299,3843,-27,"Decrease"
"1082",1082,1274,3815,-28,"Decrease"
"1083",1083,1270,3819,4,"Increase"
"1084",1084,1271,3805,-14,"Decrease"
"1085",1085,1278,3782,-23,"Decrease"
"1086",1086,1256,3744,-38,"Decrease"
"1087",1087,1248,3712,-32,"Decrease"
"1088",1088,1240,3689,-23,"Decrease"
"1089",1089,1224,3679,-10,"Decrease"
"1090",1090,1225,3688,9,"Increase"
"1091",1091,1230,3693,5,"Increase"
"1092",1092,1233,3673,-20,"Decrease"
"1093",1093,1230,3649,-24,"Decrease"
"1094",1094,1210,3626,-23,"Decrease"
"1095",1095,1209,3629,3,"Increase"
"1096",1096,1207,3646,17,"Increase"
"1097",1097,1213,3663,17,"Increase"
"1098",1098,1226,3676,13,"Increase"
"1099",1099,1224,3680,4,"Increase"
"1100",1100,1226,3682,2,"Increase"
"1101",1101,1230,3683,1,"Increase"
"1102",1102,1226,3676,-7,"Decrease"
"1103",1103,1227,3684,8,"Increase"
"1104",1104,1223,3686,2,"Increase"
"1105",1105,1234,3691,5,"Increase"
"1106",1106,1229,3684,-7,"Decrease"
"1107",1107,1228,3681,-3,"Decrease"
"1108",1108,1227,3685,4,"Increase"
"1109",1109,1226,3688,3,"Increase"
"1110",1110,1232,3697,9,"Increase"
"1111",1111,1230,3673,-24,"Decrease"
"1112",1112,1235,3655,-18,"Decrease"
"1113",1113,1208,3633,-22,"Decrease"
"1114",1114,1212,3641,8,"Increase"
"1115",1115,1213,3644,3,"Increase"
"1116",1116,1216,3647,3,"Increase"
"1117",1117,1215,3670,23,"Increase"
"1118",1118,1216,3696,26,"Increase"
"1119",1119,1239,3725,29,"Increase"
"1120",1120,1241,3733,8,"Increase"
"1121",1121,1245,3745,12,"Increase"
"1122",1122,1247,3760,15,"Increase"
"1123",1123,1253,3765,5,"Increase"
"1124",1124,1260,3774,9,"Increase"
"1125",1125,1252,3786,12,"Increase"
"1126",1126,1262,3800,14,"Increase"
"1127",1127,1272,3805,5,"Increase"
"1128",1128,1266,3801,-4,"Decrease"
"1129",1129,1267,3801,0,"No change"
"1130",1130,1268,3804,3,"Increase"
"1131",1131,1266,3813,9,"Increase"
"1132",1132,1270,3827,14,"Increase"
"1133",1133,1277,3839,12,"Increase"
"1134",1134,1280,3842,3,"Increase"
"1135",1135,1282,3833,-9,"Decrease"
"1136",1136,1280,3824,-9,"Decrease"
"1137",1137,1271,3816,-8,"Decrease"
"1138",1138,1273,3829,13,"Increase"
"1139",1139,1272,3838,9,"Increase"
"1140",1140,1284,3851,13,"Increase"
"1141",1141,1282,3853,2,"Increase"
"1142",1142,1285,3858,5,"Increase"
"1143",1143,1286,3859,1,"Increase"
"1144",1144,1287,3860,1,"Increase"
"1145",1145,1286,3861,1,"Increase"
"1146",1146,1287,3867,6,"Increase"
"1147",1147,1288,3884,17,"Increase"
"1148",1148,1292,3895,11,"Increase"
"1149",1149,1304,3891,-4,"Decrease"
"1150",1150,1299,3894,3,"Increase"
"1151",1151,1288,3910,16,"Increase"
"1152",1152,1307,3933,23,"Increase"
"1153",1153,1315,3927,-6,"Decrease"
"1154",1154,1311,3923,-4,"Decrease"
"1155",1155,1301,3957,34,"Increase"
"1156",1156,1311,4020,63,"Increase"
"1157",1157,1345,4068,48,"Increase"
"1158",1158,1364,4081,13,"Increase"
"1159",1159,1359,4090,9,"Increase"
"1160",1160,1358,4105,15,"Increase"
"1161",1161,1373,4116,11,"Increase"
"1162",1162,1374,4120,4,"Increase"
"1163",1163,1369,4124,4,"Increase"
"1164",1164,1377,4136,12,"Increase"
"1165",1165,1378,4142,6,"Increase"
"1166",1166,1381,4142,0,"No change"
"1167",1167,1383,4146,4,"Increase"
"1168",1168,1378,4149,3,"Increase"
"1169",1169,1385,4160,11,"Increase"
"1170",1170,1386,4161,1,"Increase"
"1171",1171,1389,4140,-21,"Decrease"
"1172",1172,1386,4109,-31,"Decrease"
"1173",1173,1365,4075,-34,"Decrease"
"1174",1174,1358,4063,-12,"Decrease"
"1175",1175,1352,4065,2,"Increase"
"1176",1176,1353,4075,10,"Increase"
"1177",1177,1360,4083,8,"Increase"
"1178",1178,1362,4075,-8,"Decrease"
"1179",1179,1361,4066,-9,"Decrease"
"1180",1180,1352,4066,0,"No change"
"1181",1181,1353,4074,8,"Increase"
"1182",1182,1361,4087,13,"Increase"
"1183",1183,1360,4085,-2,"Decrease"
"1184",1184,1366,4074,-11,"Decrease"
"1185",1185,1359,4067,-7,"Decrease"
"1186",1186,1349,4056,-11,"Decrease"
"1187",1187,1359,4081,25,"Increase"
"1188",1188,1348,4098,17,"Increase"
"1189",1189,1374,4124,26,"Increase"
"1190",1190,1376,4109,-15,"Decrease"
"1191",1191,1374,4102,-7,"Decrease"
"1192",1192,1359,4096,-6,"Decrease"
"1193",1193,1369,4111,15,"Increase"
"1194",1194,1368,4098,-13,"Decrease"
"1195",1195,1374,4088,-10,"Decrease"
"1196",1196,1356,4073,-15,"Decrease"
"1197",1197,1358,4068,-5,"Decrease"
"1198",1198,1359,4048,-20,"Decrease"
"1199",1199,1351,4028,-20,"Decrease"
"1200",1200,1338,4017,-11,"Decrease"
"1201",1201,1339,4002,-15,"Decrease"
"1202",1202,1340,4006,4,"Increase"
"1203",1203,1323,4018,12,"Increase"
"1204",1204,1343,4040,22,"Increase"
"1205",1205,1352,4037,-3,"Decrease"
"1206",1206,1345,4022,-15,"Decrease"
"1207",1207,1340,4015,-7,"Decrease"
"1208",1208,1337,4039,24,"Increase"
"1209",1209,1338,4064,25,"Increase"
"1210",1210,1364,4084,20,"Increase"
"1211",1211,1362,4075,-9,"Decrease"
"1212",1212,1358,4065,-10,"Decrease"
"1213",1213,1355,4063,-2,"Decrease"
"1214",1214,1352,4082,19,"Increase"
"1215",1215,1356,4106,24,"Increase"
"1216",1216,1374,4122,16,"Increase"
"1217",1217,1376,4118,-4,"Decrease"
"1218",1218,1372,4128,10,"Increase"
"1219",1219,1370,4140,12,"Increase"
"1220",1220,1386,4148,8,"Increase"
"1221",1221,1384,4143,-5,"Decrease"
"1222",1222,1378,4141,-2,"Decrease"
"1223",1223,1381,4148,7,"Increase"
"1224",1224,1382,4154,6,"Increase"
"1225",1225,1385,4158,4,"Increase"
"1226",1226,1387,4149,-9,"Decrease"
"1227",1227,1386,4140,-9,"Decrease"
"1228",1228,1376,4130,-10,"Decrease"
"1229",1229,1378,4126,-4,"Decrease"
"1230",1230,1376,4116,-10,"Decrease"
"1231",1231,1372,4103,-13,"Decrease"
"1232",1232,1368,4093,-10,"Decrease"
"1233",1233,1363,4089,-4,"Decrease"
"1234",1234,1362,4091,2,"Increase"
"1235",1235,1364,4098,7,"Increase"
"1236",1236,1365,4102,4,"Increase"
"1237",1237,1369,4101,-1,"Decrease"
"1238",1238,1368,4081,-20,"Decrease"
"1239",1239,1364,4087,6,"Increase"
"1240",1240,1349,4098,11,"Increase"
"1241",1241,1374,4125,27,"Increase"
"1242",1242,1375,4139,14,"Increase"
"1243",1243,1376,4128,-11,"Decrease"
"1244",1244,1388,4115,-13,"Decrease"
"1245",1245,1364,4098,-17,"Decrease"
"1246",1246,1363,4104,6,"Increase"
"1247",1247,1371,4113,9,"Increase"
"1248",1248,1370,4117,4,"Increase"
"1249",1249,1372,4111,-6,"Decrease"
"1250",1250,1375,4105,-6,"Decrease"
"1251",1251,1364,4085,-20,"Decrease"
"1252",1252,1366,4077,-8,"Decrease"
"1253",1253,1355,4081,4,"Increase"
"1254",1254,1356,4097,16,"Increase"
"1255",1255,1370,4094,-3,"Decrease"
"1256",1256,1371,4080,-14,"Decrease"
"1257",1257,1353,4067,-13,"Decrease"
"1258",1258,1356,4070,3,"Increase"
"1259",1259,1358,4065,-5,"Decrease"
"1260",1260,1356,4071,6,"Increase"
"1261",1261,1351,4088,17,"Increase"
"1262",1262,1364,4105,17,"Increase"
"1263",1263,1373,4110,5,"Increase"
"1264",1264,1368,4108,-2,"Decrease"
"1265",1265,1369,4112,4,"Increase"
"1266",1266,1371,4119,7,"Increase"
"1267",1267,1372,4110,-9,"Decrease"
"1268",1268,1376,4087,-23,"Decrease"
"1269",1269,1362,4055,-32,"Decrease"
"1270",1270,1349,4029,-26,"Decrease"
"1271",1271,1344,4015,-14,"Decrease"
"1272",1272,1336,4005,-10,"Decrease"
"1273",1273,1335,4002,-3,"Decrease"
"1274",1274,1334,4004,2,"Increase"
"1275",1275,1333,4006,2,"Increase"
"1276",1276,1337,4011,5,"Increase"
"1277",1277,1336,4018,7,"Increase"
"1278",1278,1338,4027,9,"Increase"
"1279",1279,1344,4033,6,"Increase"
"1280",1280,1345,4020,-13,"Decrease"
"1281",1281,1344,4007,-13,"Decrease"
"1282",1282,1331,3994,-13,"Decrease"
"1283",1283,1332,3991,-3,"Decrease"
"1284",1284,1331,3989,-2,"Decrease"
"1285",1285,1328,3987,-2,"Decrease"
"1286",1286,1330,3993,6,"Increase"
"1287",1287,1329,3996,3,"Increase"
"1288",1288,1334,3999,3,"Increase"
"1289",1289,1333,3993,-6,"Decrease"
"1290",1290,1332,3990,-3,"Decrease"
"1291",1291,1328,3987,-3,"Decrease"
"1292",1292,1330,3999,12,"Increase"
"1293",1293,1329,4010,11,"Increase"
"1294",1294,1340,4019,9,"Increase"
"1295",1295,1341,4018,-1,"Decrease"
"1296",1296,1338,4021,3,"Increase"
"1297",1297,1339,4039,18,"Increase"
"1298",1298,1344,4059,20,"Increase"
"1299",1299,1356,4075,16,"Increase"
"1300",1300,1359,4099,24,"Increase"
"1301",1301,1360,4129,30,"Increase"
"1302",1302,1380,4131,2,"Increase"
"1303",1303,1389,4110,-21,"Decrease"
"1304",1304,1362,4071,-39,"Decrease"
"1305",1305,1359,4077,6,"Increase"
"1306",1306,1350,4090,13,"Increase"
"1307",1307,1368,4117,27,"Increase"
"1308",1308,1372,4135,18,"Increase"
"1309",1309,1377,4146,11,"Increase"
"1310",1310,1386,4157,11,"Increase"
"1311",1311,1383,4160,3,"Increase"
"1312",1312,1388,4178,18,"Increase"
"1313",1313,1389,4189,11,"Increase"
"1314",1314,1401,4204,15,"Increase"
"1315",1315,1399,4197,-7,"Decrease"
"1316",1316,1404,4188,-9,"Decrease"
"1317",1317,1394,4175,-13,"Decrease"
"1318",1318,1390,4171,-4,"Decrease"
"1319",1319,1391,4173,2,"Increase"
"1320",1320,1390,4190,17,"Increase"
"1321",1321,1392,4198,8,"Increase"
"1322",1322,1408,4194,-4,"Decrease"
"1323",1323,1398,4138,-56,"Decrease"
"1324",1324,1388,4089,-49,"Decrease"
"1325",1325,1352,4028,-61,"Decrease"
"1326",1326,1349,4009,-19,"Decrease"
"1327",1327,1327,3987,-22,"Decrease"
"1328",1328,1333,3963,-24,"Decrease"
"1329",1329,1327,3925,-38,"Decrease"
"1330",1330,1303,3895,-30,"Decrease"
"1331",1331,1295,3888,-7,"Decrease"
"1332",1332,1297,3891,3,"Increase"
"1333",1333,1296,3900,9,"Increase"
"1334",1334,1298,3909,9,"Increase"
"1335",1335,1306,3923,14,"Increase"
"1336",1336,1305,3940,17,"Increase"
"1337",1337,1312,3962,22,"Increase"
"1338",1338,1323,3975,13,"Increase"
"1339",1339,1327,3979,4,"Increase"
"1340",1340,1325,3980,1,"Increase"
"1341",1341,1327,3972,-8,"Decrease"
"1342",1342,1328,3966,-6,"Decrease"
"1343",1343,1317,3958,-8,"Decrease"
"1344",1344,1321,3960,2,"Increase"
"1345",1345,1320,3940,-20,"Decrease"
"1346",1346,1319,3928,-12,"Decrease"
"1347",1347,1301,3936,8,"Increase"
"1348",1348,1308,3963,27,"Increase"
"1349",1349,1327,3981,18,"Increase"
"1350",1350,1328,3972,-9,"Decrease"
"1351",1351,1326,3967,-5,"Decrease"
"1352",1352,1318,3967,0,"No change"
"1353",1353,1323,3979,12,"Increase"
"1354",1354,1326,4000,21,"Increase"
"1355",1355,1330,4021,21,"Increase"
"1356",1356,1344,4043,22,"Increase"
"1357",1357,1347,4054,11,"Increase"
"1358",1358,1352,4061,7,"Increase"
"1359",1359,1355,4073,12,"Increase"
"1360",1360,1354,4083,10,"Increase"
"1361",1361,1364,4079,-4,"Decrease"
"1362",1362,1365,4041,-38,"Decrease"
"1363",1363,1350,4021,-20,"Decrease"
"1364",1364,1326,4021,0,"No change"
"1365",1365,1345,4046,25,"Increase"
"1366",1366,1350,4068,22,"Increase"
"1367",1367,1351,4080,12,"Increase"
"1368",1368,1367,4099,19,"Increase"
"1369",1369,1362,4104,5,"Increase"
"1370",1370,1370,4141,37,"Increase"
"1371",1371,1372,4186,45,"Increase"
"1372",1372,1399,4220,34,"Increase"
"1373",1373,1415,4226,6,"Increase"
"1374",1374,1406,4218,-8,"Decrease"
"1375",1375,1405,4226,8,"Increase"
"1376",1376,1407,4226,0,"No change"
"1377",1377,1414,4225,-1,"Decrease"
"1378",1378,1405,4221,-4,"Decrease"
"1379",1379,1406,4216,-5,"Decrease"
"1380",1380,1410,4205,-11,"Decrease"
"1381",1381,1400,4191,-14,"Decrease"
"1382",1382,1395,4180,-11,"Decrease"
"1383",1383,1396,4167,-13,"Decrease"
"1384",1384,1389,4158,-9,"Decrease"
"1385",1385,1382,4163,5,"Increase"
"1386",1386,1387,4173,10,"Increase"
"1387",1387,1394,4177,4,"Increase"
"1388",1388,1392,4160,-17,"Decrease"
"1389",1389,1391,4142,-18,"Decrease"
"1390",1390,1377,4124,-18,"Decrease"
"1391",1391,1374,4108,-16,"Decrease"
"1392",1392,1373,4110,2,"Increase"
"1393",1393,1361,4118,8,"Increase"
"1394",1394,1376,4137,19,"Increase"
"1395",1395,1381,4126,-11,"Decrease"
"1396",1396,1380,4119,-7,"Decrease"
"1397",1397,1365,4095,-24,"Decrease"
"1398",1398,1374,4084,-11,"Decrease"
"1399",1399,1356,4063,-21,"Decrease"
"1400",1400,1354,4046,-17,"Decrease"
"1401",1401,1353,4039,-7,"Decrease"
"1402",1402,1339,4034,-5,"Decrease"
"1403",1403,1347,4042,8,"Increase"
"1404",1404,1348,4043,1,"Increase"
"1405",1405,1347,4025,-18,"Decrease"
"1406",1406,1348,4010,-15,"Decrease"
"1407",1407,1330,3979,-31,"Decrease"
"1408",1408,1332,3971,-8,"Decrease"
"1409",1409,1317,3960,-11,"Decrease"
"1410",1410,1322,3970,10,"Increase"
"1411",1411,1321,3974,4,"Increase"
"1412",1412,1327,3988,14,"Increase"
"1413",1413,1326,4001,13,"Increase"
"1414",1414,1335,4016,15,"Increase"
"1415",1415,1340,4012,-4,"Decrease"
"1416",1416,1341,4000,-12,"Decrease"
"1417",1417,1331,3974,-26,"Decrease"
"1418",1418,1328,3956,-18,"Decrease"
"1419",1419,1315,3949,-7,"Decrease"
"1420",1420,1313,3967,18,"Increase"
"1421",1421,1321,3993,26,"Increase"
"1422",1422,1333,4006,13,"Increase"
"1423",1423,1339,4013,7,"Increase"
"1424",1424,1334,4013,0,"No change"
"1425",1425,1340,4012,-1,"Decrease"
"1426",1426,1339,4004,-8,"Decrease"
"1427",1427,1333,4000,-4,"Decrease"
"1428",1428,1332,4012,12,"Increase"
"1429",1429,1335,4026,14,"Increase"
"1430",1430,1345,4039,13,"Increase"
"1431",1431,1346,4038,-1,"Decrease"
"1432",1432,1348,4039,1,"Increase"
"1433",1433,1344,4047,8,"Increase"
"1434",1434,1347,4058,11,"Increase"
"1435",1435,1356,4067,9,"Increase"
"1436",1436,1355,4068,1,"Increase"
"1437",1437,1356,4071,3,"Increase"
"1438",1438,1357,4068,-3,"Decrease"
"1439",1439,1358,4065,-3,"Decrease"
"1440",1440,1353,4062,-3,"Decrease"
"1441",1441,1354,4063,1,"Increase"
"1442",1442,1355,4073,10,"Increase"
"1443",1443,1354,4084,11,"Increase"
"1444",1444,1364,4094,10,"Increase"
"1445",1445,1366,4089,-5,"Decrease"
"1446",1446,1364,4085,-4,"Decrease"
"1447",1447,1359,4088,3,"Increase"
"1448",1448,1362,4078,-10,"Decrease"
"1449",1449,1367,4069,-9,"Decrease"
"1450",1450,1349,4052,-17,"Decrease"
"1451",1451,1353,4030,-22,"Decrease"
"1452",1452,1350,4017,-13,"Decrease"
"1453",1453,1327,4037,20,"Increase"
"1454",1454,1340,4079,42,"Increase"
"1455",1455,1370,4103,24,"Increase"
"1456",1456,1369,4093,-10,"Decrease"
"1457",1457,1364,4081,-12,"Decrease"
"1458",1458,1360,4073,-8,"Decrease"
"1459",1459,1357,4062,-11,"Decrease"
"1460",1460,1356,4048,-14,"Decrease"
"1461",1461,1349,4037,-11,"Decrease"
"1462",1462,1343,4036,-1,"Decrease"
"1463",1463,1345,4045,9,"Increase"
"1464",1464,1348,4051,6,"Increase"
"1465",1465,1352,4072,21,"Increase"
"1466",1466,1351,4069,-3,"Decrease"
"1467",1467,1369,4076,7,"Increase"
"1468",1468,1349,4068,-8,"Decrease"
"1469",1469,1358,4078,10,"Increase"
"1470",1470,1361,4087,9,"Increase"
"1471",1471,1359,4094,7,"Increase"
"1472",1472,1367,4105,11,"Increase"
"1473",1473,1368,4120,15,"Increase"
"1474",1474,1370,4135,15,"Increase"
"1475",1475,1382,4151,16,"Increase"
"1476",1476,1383,4157,6,"Increase"
"1477",1477,1386,4149,-8,"Decrease"
"1478",1478,1388,4136,-13,"Decrease"
"1479",1479,1375,4120,-16,"Decrease"
"1480",1480,1373,4118,-2,"Decrease"
"1481",1481,1372,4135,17,"Increase"
"1482",1482,1373,4155,20,"Increase"
"1483",1483,1390,4173,18,"Increase"
"1484",1484,1392,4170,-3,"Decrease"
"1485",1485,1391,4149,-21,"Decrease"
"1486",1486,1387,4115,-34,"Decrease"
"1487",1487,1371,4079,-36,"Decrease"
"1488",1488,1357,4069,-10,"Decrease"
"1489",1489,1351,4074,5,"Increase"
"1490",1490,1361,4088,14,"Increase"
"1491",1491,1362,4094,6,"Increase"
"1492",1492,1365,4114,20,"Increase"
"1493",1493,1367,4132,18,"Increase"
"1494",1494,1382,4147,15,"Increase"
"1495",1495,1383,4144,-3,"Decrease"
"1496",1496,1382,4136,-8,"Decrease"
"1497",1497,1379,4127,-9,"Decrease"
"1498",1498,1375,4126,-1,"Decrease"
"1499",1499,1373,4127,1,"Increase"
"1500",1500,1378,4128,1,"Increase"
"1501",1501,1376,4126,-2,"Decrease"
"1502",1502,1374,4118,-8,"Decrease"
"1503",1503,1376,4119,1,"Increase"
"1504",1504,1368,4119,0,"No change"
"1505",1505,1375,4137,18,"Increase"
"1506",1506,1376,4149,12,"Increase"
"1507",1507,1386,4161,12,"Increase"
"1508",1508,1387,4171,10,"Increase"
"1509",1509,1388,4198,27,"Increase"
"1510",1510,1396,4233,35,"Increase"
"1511",1511,1414,4270,37,"Increase"
"1512",1512,1423,4290,20,"Increase"
"1513",1513,1433,4288,-2,"Decrease"
"1514",1514,1434,4274,-14,"Decrease"
"1515",1515,1421,4257,-17,"Decrease"
"1516",1516,1419,4269,12,"Increase"
"1517",1517,1417,4285,16,"Increase"
"1518",1518,1433,4283,-2,"Decrease"
"1519",1519,1435,4282,-1,"Decrease"
"1520",1520,1415,4300,18,"Increase"
"1521",1521,1432,4339,39,"Increase"
"1522",1522,1453,4359,20,"Increase"
"1523",1523,1454,4357,-2,"Decrease"
"1524",1524,1452,4362,5,"Increase"
"1525",1525,1451,4372,10,"Increase"
"1526",1526,1459,4387,15,"Increase"
"1527",1527,1462,4422,35,"Increase"
"1528",1528,1466,4443,21,"Increase"
"1529",1529,1494,4457,14,"Increase"
"1530",1530,1483,4439,-18,"Decrease"
"1531",1531,1480,4428,-11,"Decrease"
"1532",1532,1476,4416,-12,"Decrease"
"1533",1533,1472,4409,-7,"Decrease"
"1534",1534,1468,4403,-6,"Decrease"
"1535",1535,1469,4378,-25,"Decrease"
"1536",1536,1466,4357,-21,"Decrease"
"1537",1537,1443,4348,-9,"Decrease"
"1538",1538,1448,4363,15,"Increase"
"1539",1539,1457,4367,4,"Increase"
"1540",1540,1458,4359,-8,"Decrease"
"1541",1541,1452,4343,-16,"Decrease"
"1542",1542,1449,4335,-8,"Decrease"
"1543",1543,1442,4332,-3,"Decrease"
"1544",1544,1444,4335,3,"Increase"
"1545",1545,1446,4332,-3,"Decrease"
"1546",1546,1445,4329,-3,"Decrease"
"1547",1547,1441,4332,3,"Increase"
"1548",1548,1443,4340,8,"Increase"
"1549",1549,1448,4347,7,"Increase"
"1550",1550,1449,4357,10,"Increase"
"1551",1551,1450,4362,5,"Increase"
"1552",1552,1458,4369,7,"Increase"
"1553",1553,1454,4369,0,"No change"
"1554",1554,1457,4375,6,"Increase"
"1555",1555,1458,4376,1,"Increase"
"1556",1556,1460,4381,5,"Increase"
"1557",1557,1458,4390,9,"Increase"
"1558",1558,1463,4400,10,"Increase"
"1559",1559,1469,4396,-4,"Decrease"
"1560",1560,1468,4364,-32,"Decrease"
"1561",1561,1459,4346,-18,"Decrease"
"1562",1562,1437,4334,-12,"Decrease"
"1563",1563,1450,4369,35,"Increase"
"1564",1564,1447,4390,21,"Increase"
"1565",1565,1472,4423,33,"Increase"
"1566",1566,1471,4432,9,"Increase"
"1567",1567,1480,4434,2,"Increase"
"1568",1568,1481,4434,0,"No change"
"1569",1569,1473,4429,-5,"Decrease"
"1570",1570,1480,4433,4,"Increase"
"1571",1571,1476,4417,-16,"Decrease"
"1572",1572,1477,4413,-4,"Decrease"
"1573",1573,1464,4417,4,"Increase"
"1574",1574,1472,4438,21,"Increase"
"1575",1575,1481,4455,17,"Increase"
"1576",1576,1485,4461,6,"Increase"
"1577",1577,1489,4464,3,"Increase"
"1578",1578,1487,4466,2,"Increase"
"1579",1579,1488,4449,-17,"Decrease"
"1580",1580,1491,4438,-11,"Decrease"
"1581",1581,1470,4433,-5,"Decrease"
"1582",1582,1477,4455,22,"Increase"
"1583",1583,1486,4471,16,"Increase"
"1584",1584,1492,4479,8,"Increase"
"1585",1585,1493,4482,3,"Increase"
"1586",1586,1494,4474,-8,"Decrease"
"1587",1587,1495,4473,-1,"Decrease"
"1588",1588,1485,4475,2,"Increase"
"1589",1589,1493,4482,7,"Increase"
"1590",1590,1497,4488,6,"Increase"
"1591",1591,1492,4492,4,"Increase"
"1592",1592,1499,4502,10,"Increase"
"1593",1593,1501,4517,15,"Increase"
"1594",1594,1502,4531,14,"Increase"
"1595",1595,1514,4546,15,"Increase"
"1596",1596,1515,4550,4,"Increase"
"1597",1597,1517,4551,1,"Increase"
"1598",1598,1518,4548,-3,"Decrease"
"1599",1599,1516,4547,-1,"Decrease"
"1600",1600,1514,4550,3,"Increase"
"1601",1601,1517,4553,3,"Increase"
"1602",1602,1519,4554,1,"Increase"
"1603",1603,1517,4551,-3,"Decrease"
"1604",1604,1518,4530,-21,"Decrease"
"1605",1605,1516,4531,1,"Increase"
"1606",1606,1496,4537,6,"Increase"
"1607",1607,1519,4565,28,"Increase"
"1608",1608,1522,4574,9,"Increase"
"1609",1609,1524,4581,7,"Increase"
"1610",1610,1528,4588,7,"Increase"
"1611",1611,1529,4584,-4,"Decrease"
"1612",1612,1531,4581,-3,"Decrease"
"1613",1613,1524,4578,-3,"Decrease"
"1614",1614,1526,4600,22,"Increase"
"1615",1615,1528,4612,12,"Increase"
"1616",1616,1546,4645,33,"Increase"
"1617",1617,1538,4669,24,"Increase"
"1618",1618,1561,4700,31,"Increase"
"1619",1619,1570,4713,13,"Increase"
"1620",1620,1569,4715,2,"Increase"
"1621",1621,1574,4717,2,"Increase"
"1622",1622,1572,4715,-2,"Decrease"
"1623",1623,1571,4707,-8,"Decrease"
"1624",1624,1572,4707,0,"No change"
"1625",1625,1564,4711,4,"Increase"
"1626",1626,1571,4722,11,"Increase"
"1627",1627,1576,4727,5,"Increase"
"1628",1628,1575,4726,-1,"Decrease"
"1629",1629,1576,4731,5,"Increase"
"1630",1630,1575,4734,3,"Increase"
"1631",1631,1580,4723,-11,"Decrease"
"1632",1632,1579,4704,-19,"Decrease"
"1633",1633,1564,4691,-13,"Decrease"
"1634",1634,1561,4682,-9,"Decrease"
"1635",1635,1566,4667,-15,"Decrease"
"1636",1636,1555,4666,-1,"Decrease"
"1637",1637,1546,4678,12,"Increase"
"1638",1638,1565,4694,16,"Increase"
"1639",1639,1567,4692,-2,"Decrease"
"1640",1640,1562,4662,-30,"Decrease"
"1641",1641,1563,4638,-24,"Decrease"
"1642",1642,1537,4599,-39,"Decrease"
"1643",1643,1538,4594,-5,"Decrease"
"1644",1644,1524,4589,-5,"Decrease"
"1645",1645,1532,4632,43,"Increase"
"1646",1646,1533,4673,41,"Increase"
"1647",1647,1567,4714,41,"Increase"
"1648",1648,1573,4716,2,"Increase"
"1649",1649,1574,4714,-2,"Decrease"
"1650",1650,1569,4710,-4,"Decrease"
"1651",1651,1571,4712,2,"Increase"
"1652",1652,1570,4717,5,"Increase"
"1653",1653,1571,4718,1,"Increase"
"1654",1654,1576,4703,-15,"Decrease"
"1655",1655,1571,4681,-22,"Decrease"
"1656",1656,1556,4657,-24,"Decrease"
"1657",1657,1554,4652,-5,"Decrease"
"1658",1658,1547,4636,-16,"Decrease"
"1659",1659,1551,4629,-7,"Decrease"
"1660",1660,1538,4596,-33,"Decrease"
"1661",1661,1540,4579,-17,"Decrease"
"1662",1662,1518,4561,-18,"Decrease"
"1663",1663,1521,4575,14,"Increase"
"1664",1664,1522,4605,30,"Increase"
"1665",1665,1532,4638,33,"Increase"
"1666",1666,1551,4663,25,"Increase"
"1667",1667,1555,4692,29,"Increase"
"1668",1668,1557,4719,27,"Increase"
"1669",1669,1580,4745,26,"Increase"
"1670",1670,1582,4747,2,"Increase"
"1671",1671,1583,4744,-3,"Decrease"
"1672",1672,1582,4741,-3,"Decrease"
"1673",1673,1579,4740,-1,"Decrease"
"1674",1674,1580,4756,16,"Increase"
"1675",1675,1581,4772,16,"Increase"
"1676",1676,1595,4790,18,"Increase"
"1677",1677,1596,4790,0,"No change"
"1678",1678,1599,4803,13,"Increase"
"1679",1679,1595,4826,23,"Increase"
"1680",1680,1609,4866,40,"Increase"
"1681",1681,1622,4893,27,"Increase"
"1682",1682,1635,4933,40,"Increase"
"1683",1683,1636,4964,31,"Increase"
"1684",1684,1662,4995,31,"Increase"
"1685",1685,1666,5003,8,"Increase"
"1686",1686,1667,5003,0,"No change"
"1687",1687,1670,5005,2,"Increase"
"1688",1688,1666,5008,3,"Increase"
"1689",1689,1669,5014,6,"Increase"
"1690",1690,1673,5016,2,"Increase"
"1691",1691,1672,5004,-12,"Decrease"
"1692",1692,1671,4994,-10,"Decrease"
"1693",1693,1661,5006,12,"Increase"
"1694",1694,1662,5030,24,"Increase"
"1695",1695,1683,5050,20,"Increase"
"1696",1696,1685,5051,1,"Increase"
"1697",1697,1682,5058,7,"Increase"
"1698",1698,1684,5069,11,"Increase"
"1699",1699,1692,5077,8,"Increase"
"1700",1700,1693,5081,4,"Increase"
"1701",1701,1692,5057,-24,"Decrease"
"1702",1702,1696,5046,-11,"Decrease"
"1703",1703,1669,5032,-14,"Decrease"
"1704",1704,1681,5049,17,"Increase"
"1705",1705,1682,5070,21,"Increase"
"1706",1706,1686,5092,22,"Increase"
"1707",1707,1702,5112,20,"Increase"
"1708",1708,1704,5117,5,"Increase"
"1709",1709,1706,5124,7,"Increase"
"1710",1710,1707,5132,8,"Increase"
"1711",1711,1711,5145,13,"Increase"
"1712",1712,1714,5145,0,"No change"
"1713",1713,1720,5139,-6,"Decrease"
"1714",1714,1711,5129,-10,"Decrease"
"1715",1715,1708,5127,-2,"Decrease"
"1716",1716,1710,5132,5,"Increase"
"1717",1717,1709,5142,10,"Increase"
"1718",1718,1713,5154,12,"Increase"
"1719",1719,1720,5163,9,"Increase"
"1720",1720,1721,5166,3,"Increase"
"1721",1721,1722,5151,-15,"Decrease"
"1722",1722,1723,5138,-13,"Decrease"
"1723",1723,1706,5125,-13,"Decrease"
"1724",1724,1709,5145,20,"Increase"
"1725",1725,1710,5175,30,"Increase"
"1726",1726,1726,5203,28,"Increase"
"1727",1727,1739,5217,14,"Increase"
"1728",1728,1738,5225,8,"Increase"
"1729",1729,1740,5219,-6,"Decrease"
"1730",1730,1747,5194,-25,"Decrease"
"1731",1731,1732,5159,-35,"Decrease"
"1732",1732,1715,5133,-26,"Decrease"
"1733",1733,1712,5126,-7,"Decrease"
"1734",1734,1706,5109,-17,"Decrease"
"1735",1735,1708,5094,-15,"Decrease"
"1736",1736,1695,5079,-15,"Decrease"
"1737",1737,1691,5075,-4,"Decrease"
"1738",1738,1693,5080,5,"Increase"
"1739",1739,1691,5079,-1,"Decrease"
"1740",1740,1696,5087,8,"Increase"
"1741",1741,1692,5087,0,"No change"
"1742",1742,1699,5094,7,"Increase"
"1743",1743,1696,5078,-16,"Decrease"
"1744",1744,1699,5054,-24,"Decrease"
"1745",1745,1683,5029,-25,"Decrease"
"1746",1746,1672,5038,9,"Increase"
"1747",1747,1674,5097,59,"Increase"
"1748",1748,1692,5153,56,"Increase"
"1749",1749,1731,5166,13,"Increase"
"1750",1750,1730,5132,-34,"Decrease"
"1751",1751,1705,5115,-17,"Decrease"
"1752",1752,1697,5125,10,"Increase"
"1753",1753,1713,5150,25,"Increase"
"1754",1754,1715,5158,8,"Increase"
"1755",1755,1722,5150,-8,"Decrease"
"1756",1756,1721,5136,-14,"Decrease"
"1757",1757,1707,5132,-4,"Decrease"
"1758",1758,1708,5138,6,"Increase"
"1759",1759,1717,5144,6,"Increase"
"1760",1760,1713,5139,-5,"Decrease"
"1761",1761,1714,5129,-10,"Decrease"
"1762",1762,1712,5116,-13,"Decrease"
"1763",1763,1703,5111,-5,"Decrease"
"1764",1764,1701,5111,0,"No change"
"1765",1765,1707,5115,4,"Increase"
"1766",1766,1703,5107,-8,"Decrease"
"1767",1767,1705,5138,31,"Increase"
"1768",1768,1699,5162,24,"Increase"
"1769",1769,1734,5204,42,"Increase"
"1770",1770,1729,5209,5,"Increase"
"1771",1771,1741,5234,25,"Increase"
"1772",1772,1739,5236,2,"Increase"
"1773",1773,1754,5243,7,"Increase"
"1774",1774,1743,5233,-10,"Decrease"
"1775",1775,1746,5235,2,"Increase"
"1776",1776,1744,5240,5,"Increase"
"1777",1777,1745,5275,35,"Increase"
"1778",1778,1751,5304,29,"Increase"
"1779",1779,1779,5328,24,"Increase"
"1780",1780,1774,5322,-6,"Decrease"
"1781",1781,1775,5324,2,"Increase"
"1782",1782,1773,5332,8,"Increase"
"1783",1783,1776,5341,9,"Increase"
"1784",1784,1783,5345,4,"Increase"
"1785",1785,1782,5340,-5,"Decrease"
"1786",1786,1780,5334,-6,"Decrease"
"1787",1787,1778,5325,-9,"Decrease"
"1788",1788,1776,5327,2,"Increase"
"1789",1789,1771,5299,-28,"Decrease"
"1790",1790,1780,5271,-28,"Decrease"
"1791",1791,1748,5231,-40,"Decrease"
"1792",1792,1743,5222,-9,"Decrease"
"1793",1793,1740,5219,-3,"Decrease"
"1794",1794,1739,5210,-9,"Decrease"
"1795",1795,1740,5203,-7,"Decrease"
"1796",1796,1731,5196,-7,"Decrease"
"1797",1797,1732,5195,-1,"Decrease"
"1798",1798,1733,5205,10,"Increase"
"1799",1799,1730,5216,11,"Increase"
"1800",1800,1742,5229,13,"Increase"
"1801",1801,1744,5238,9,"Increase"
"1802",1802,1743,5244,6,"Increase"
"1803",1803,1751,5252,8,"Increase"
"1804",1804,1750,5239,-13,"Decrease"
"1805",1805,1751,5235,-4,"Decrease"
"1806",1806,1738,5234,-1,"Decrease"
"1807",1807,1746,5249,15,"Increase"
"1808",1808,1750,5245,-4,"Decrease"
"1809",1809,1753,5239,-6,"Decrease"
"1810",1810,1742,5229,-10,"Decrease"
"1811",1811,1744,5222,-7,"Decrease"
"1812",1812,1743,5212,-10,"Decrease"
"1813",1813,1735,5200,-12,"Decrease"
"1814",1814,1734,5205,5,"Increase"
"1815",1815,1731,5196,-9,"Decrease"
"1816",1816,1740,5192,-4,"Decrease"
"1817",1817,1725,5161,-31,"Decrease"
"1818",1818,1727,5152,-9,"Decrease"
"1819",1819,1709,5142,-10,"Decrease"
"1820",1820,1716,5151,9,"Increase"
"1821",1821,1717,5147,-4,"Decrease"
"1822",1822,1718,5143,-4,"Decrease"
"1823",1823,1712,5133,-10,"Decrease"
"1824",1824,1713,5128,-5,"Decrease"
"1825",1825,1708,5138,10,"Increase"
"1826",1826,1707,5155,17,"Increase"
"1827",1827,1723,5174,19,"Increase"
"1828",1828,1725,5195,21,"Increase"
"1829",1829,1726,5215,20,"Increase"
"1830",1830,1744,5241,26,"Increase"
"1831",1831,1745,5250,9,"Increase"
"1832",1832,1752,5245,-5,"Decrease"
"1833",1833,1753,5232,-13,"Decrease"
"1834",1834,1740,5215,-17,"Decrease"
"1835",1835,1739,5208,-7,"Decrease"
"1836",1836,1736,5210,2,"Increase"
"1837",1837,1733,5225,15,"Increase"
"1838",1838,1741,5250,25,"Increase"
"1839",1839,1751,5278,28,"Increase"
"1840",1840,1758,5287,9,"Increase"
"1841",1841,1769,5306,19,"Increase"
"1842",1842,1760,5323,17,"Increase"
"1843",1843,1777,5350,27,"Increase"
"1844",1844,1786,5364,14,"Increase"
"1845",1845,1787,5370,6,"Increase"
"1846",1846,1791,5402,32,"Increase"
"1847",1847,1792,5436,34,"Increase"
"1848",1848,1819,5473,37,"Increase"
"1849",1849,1825,5482,9,"Increase"
"1850",1850,1829,5467,-15,"Decrease"
"1851",1851,1828,5450,-17,"Decrease"
"1852",1852,1810,5433,-17,"Decrease"
"1853",1853,1812,5436,3,"Increase"
"1854",1854,1811,5442,6,"Increase"
"1855",1855,1813,5451,9,"Increase"
"1856",1856,1818,5457,6,"Increase"
"1857",1857,1820,5471,14,"Increase"
"1858",1858,1819,5498,27,"Increase"
"1859",1859,1832,5525,27,"Increase"
"1860",1860,1847,5538,13,"Increase"
"1861",1861,1846,5537,-1,"Decrease"
"1862",1862,1845,5547,10,"Increase"
"1863",1863,1846,5553,6,"Increase"
"1864",1864,1856,5560,7,"Increase"
"1865",1865,1851,5555,-5,"Decrease"
"1866",1866,1853,5564,9,"Increase"
"1867",1867,1851,5560,-4,"Decrease"
"1868",1868,1860,5563,3,"Increase"
"1869",1869,1849,5582,19,"Increase"
"1870",1870,1854,5597,15,"Increase"
"1871",1871,1879,5594,-3,"Decrease"
"1872",1872,1864,5567,-27,"Decrease"
"1873",1873,1851,5554,-13,"Decrease"
"1874",1874,1852,5575,21,"Increase"
"1875",1875,1851,5602,27,"Increase"
"1876",1876,1872,5634,32,"Increase"
"1877",1877,1879,5638,4,"Increase"
"1878",1878,1883,5642,4,"Increase"
"1879",1879,1876,5643,1,"Increase"
"1880",1880,1883,5655,12,"Increase"
"1881",1881,1884,5659,4,"Increase"
"1882",1882,1888,5652,-7,"Decrease"
"1883",1883,1887,5664,12,"Increase"
"1884",1884,1877,5680,16,"Increase"
"1885",1885,1900,5715,35,"Increase"
"1886",1886,1903,5728,13,"Increase"
"1887",1887,1912,5724,-4,"Decrease"
"1888",1888,1913,5727,3,"Increase"
"1889",1889,1899,5733,6,"Increase"
"1890",1890,1915,5750,17,"Increase"
"1891",1891,1919,5752,2,"Increase"
"1892",1892,1916,5751,-1,"Decrease"
"1893",1893,1917,5767,16,"Increase"
"1894",1894,1918,5779,12,"Increase"
"1895",1895,1932,5793,14,"Increase"
"1896",1896,1929,5812,19,"Increase"
"1897",1897,1932,5845,33,"Increase"
"1898",1898,1951,5890,45,"Increase"
"1899",1899,1962,5911,21,"Increase"
"1900",1900,1977,5900,-11,"Decrease"
"1901",1901,1972,5866,-34,"Decrease"
"1902",1902,1951,5836,-30,"Decrease"
"1903",1903,1943,5832,-4,"Decrease"
"1904",1904,1942,5840,8,"Increase"
"1905",1905,1947,5872,32,"Increase"
"1906",1906,1951,5902,30,"Increase"
"1907",1907,1974,5930,28,"Increase"
"1908",1908,1977,5931,1,"Increase"
"1909",1909,1979,5886,-45,"Decrease"
"1910",1910,1975,5824,-62,"Decrease"
"1911",1911,1932,5768,-56,"Decrease"
"1912",1912,1917,5763,-5,"Decrease"
"1913",1913,1919,5778,15,"Increase"
"1914",1914,1927,5788,10,"Increase"
"1915",1915,1932,5788,0,"No change"
"1916",1916,1929,5785,-3,"Decrease"
"1917",1917,1927,5784,-1,"Decrease"
"1918",1918,1929,5779,-5,"Decrease"
"1919",1919,1928,5773,-6,"Decrease"
"1920",1920,1922,5774,1,"Increase"
"1921",1921,1923,5790,16,"Increase"
"1922",1922,1929,5790,0,"No change"
"1923",1923,1938,5771,-19,"Decrease"
"1924",1924,1923,5754,-17,"Decrease"
"1925",1925,1910,5753,-1,"Decrease"
"1926",1926,1921,5763,10,"Increase"
"1927",1927,1922,5745,-18,"Decrease"
"1928",1928,1920,5728,-17,"Decrease"
"1929",1929,1903,5703,-25,"Decrease"
"1930",1930,1905,5694,-9,"Decrease"
"1931",1931,1895,5712,18,"Increase"
"1932",1932,1894,5741,29,"Increase"
"1933",1933,1923,5768,27,"Increase"
"1934",1934,1924,5769,1,"Increase"
"1935",1935,1921,5771,2,"Increase"
"1936",1936,1924,5774,3,"Increase"
"1937",1937,1926,5801,27,"Increase"
"1938",1938,1924,5843,42,"Increase"
"1939",1939,1951,5893,50,"Increase"
"1940",1940,1968,5918,25,"Increase"
"1941",1941,1974,5945,27,"Increase"
"1942",1942,1976,5977,32,"Increase"
"1943",1943,1995,5992,15,"Increase"
"1944",1944,2006,5987,-5,"Decrease"
"1945",1945,1991,5970,-17,"Decrease"
"1946",1946,1990,5960,-10,"Decrease"
"1947",1947,1989,5941,-19,"Decrease"
"1948",1948,1981,5911,-30,"Decrease"
"1949",1949,1971,5881,-30,"Decrease"
"1950",1950,1959,5865,-16,"Decrease"
"1951",1951,1951,5859,-6,"Decrease"
"1952",1952,1955,5872,13,"Increase"
"1953",1953,1953,5880,8,"Increase"
"1954",1954,1964,5866,-14,"Decrease"
"1955",1955,1963,5848,-18,"Decrease"
"1956",1956,1939,5828,-20,"Decrease"
"1957",1957,1946,5830,2,"Increase"
"1958",1958,1943,5822,-8,"Decrease"
"1959",1959,1941,5806,-16,"Decrease"
"1960",1960,1938,5791,-15,"Decrease"
"1961",1961,1927,5778,-13,"Decrease"
"1962",1962,1926,5808,30,"Increase"
"1963",1963,1925,5819,11,"Increase"
"1964",1964,1957,5833,14,"Increase"
"1965",1965,1937,5818,-15,"Decrease"
"1966",1966,1939,5820,2,"Increase"
"1967",1967,1942,5833,13,"Increase"
"1968",1968,1939,5852,19,"Increase"
"1969",1969,1952,5889,37,"Increase"
"1970",1970,1961,5914,25,"Increase"
"1971",1971,1976,5942,28,"Increase"
"1972",1972,1977,5957,15,"Increase"
"1973",1973,1989,5945,-12,"Decrease"
"1974",1974,1991,5922,-23,"Decrease"
"1975",1975,1965,5886,-36,"Decrease"
"1976",1976,1966,5855,-31,"Decrease"
"1977",1977,1955,5824,-31,"Decrease"
"1978",1978,1934,5798,-26,"Decrease"
"1979",1979,1935,5808,10,"Increase"
"1980",1980,1929,5818,10,"Increase"
"1981",1981,1944,5824,6,"Increase"
"1982",1982,1945,5822,-2,"Decrease"
"1983",1983,1935,5847,25,"Increase"
"1984",1984,1942,5881,34,"Increase"
"1985",1985,1970,5881,0,"No change"
"1986",1986,1969,5852,-29,"Decrease"
"1987",1987,1942,5849,-3,"Decrease"
"1988",1988,1941,5872,23,"Increase"
"1989",1989,1966,5865,-7,"Decrease"
"1990",1990,1965,5834,-31,"Decrease"
"1991",1991,1934,5822,-12,"Decrease"
"1992",1992,1935,5830,8,"Increase"
"1993",1993,1953,5838,8,"Increase"
"1994",1994,1942,5832,-6,"Decrease"
"1995",1995,1943,5854,22,"Increase"
"1996",1996,1947,5872,18,"Increase"
"1997",1997,1964,5888,16,"Increase"
"1998",1998,1961,5893,5,"Increase"
"1999",1999,1963,NA,NA,NA
"2000",2000,1969,NA,NA,NA
